{ "K" : 100.0 , "name" : "default-best" , "score" : "0.3489492365607219" , "smoothing_attributes" : 0.5573507661318997 , "smoothing_categories" : 0.18578493065044913 , "smoothing_names" : 0.41702621661012845 , "smoothing_relatedentitynames" : 0.1870714448899238 , "smoothing_similarentitynames" : 0.9953825079174667 , "weight_attributes" : 89.85827947224855 , "weight_categories" : 67.29891966819315 , "weight_names" : 0.4166612500949962 , "weight_relatedentitynames" : 39.827414468937874 , "weight_similarentitynames" : 20.511194231358964 }
