{ "K" : 40.16785874705363 , "name" : "default-best" , "score" : "0.3727174250260504" , "smoothing_attributes" : 0.6831546585476086 , "smoothing_categories" : 0.1332652745172509 , "smoothing_names" : 0.3794442754456171 , "smoothing_relatedentitynames" : 0.528181823125495 , "smoothing_similarentitynames" : 0.02 , "weight_attributes" : 22.271905192468168 , "weight_categories" : 48.377788912911114 , "weight_names" : 42.62843004835101 , "weight_relatedentitynames" : 36.64430183943422 , "weight_similarentitynames" : 60.036787275879625 }
