{ "K" : 39.80935408219794 , "name" : "default-best" , "score" : "0.45784778117698355" , "smoothing_attributes" : 0.3640401373792458 , "smoothing_categories" : 0.830353673648122 , "smoothing_names" : 0.9716271580583324 , "smoothing_relatedentitynames" : 0.6576900616908735 , "smoothing_similarentitynames" : 0.3729252351387091 , "weight_attributes" : 27.15265592098519 , "weight_categories" : 53.40754755116722 , "weight_names" : 84.81192462581711 , "weight_relatedentitynames" : 0.0 , "weight_similarentitynames" : 32.58820883426375 }
