{ "K" : 100.0 , "name" : "default-best" , "score" : "0.6701835616188176" , "smoothing_attributes" : 0.3743678404896033 , "smoothing_categories" : 0.9874036841806673 , "smoothing_names" : 0.25174837959203356 , "smoothing_relatedentitynames" : 0.42359751200713436 , "smoothing_similarentitynames" : 0.9088747752651986 , "weight_attributes" : 45.38131780200769 , "weight_categories" : 35.919704017754434 , "weight_names" : 95.60013239072133 , "weight_relatedentitynames" : 57.55210393027516 , "weight_similarentitynames" : 95.07954595783073 }
