{ "K" : 36.76848998729709 , "name" : "default-best" , "score" : "0.35494058476348095" , "smoothing_attributes" : 0.6198518929318426 , "smoothing_categories" : 0.5852971700257147 , "smoothing_names" : 1.0 , "smoothing_relatedentitynames" : 0.2641574238838592 , "smoothing_similarentitynames" : 0.0 , "weight_attributes" : 35.95065655744554 , "weight_categories" : 49.441243371072396 , "weight_names" : 3.1074430756368843 , "weight_relatedentitynames" : 8.97909411626174 , "weight_similarentitynames" : 25.969855085347884 }
