{ "K" : 100.0 , "name" : "default-best" , "score" : "0.6828303440623558" , "smoothing_attributes" : 0.6793743672139758 , "smoothing_categories" : 0.6508400335061627 , "smoothing_names" : 1.0 , "smoothing_relatedentitynames" : 0.20576938899663913 , "smoothing_similarentitynames" : 0.13964600393547014 , "weight_attributes" : 19.235809097865996 , "weight_categories" : 100.0 , "weight_names" : 35.83255495699804 , "weight_relatedentitynames" : 36.20852035305705 , "weight_similarentitynames" : 99.92458107770625 }
