{ "K" : 65.90615999562468 , "name" : "default-best" , "score" : "0.3751326231360833" , "smoothing_attributes" : 0.6682748962726608 , "smoothing_categories" : 0.36848755287482976 , "smoothing_names" : 0.9160041425228312 , "smoothing_relatedentitynames" : 0.14670371609765231 , "smoothing_similarentitynames" : 0.822018380331608 , "weight_attributes" : 39.722070041722915 , "weight_categories" : 20.20569105575223 , "weight_names" : 6.510644491126656 , "weight_relatedentitynames" : 40.29797212322309 , "weight_similarentitynames" : 92.0771025130132 }
