{ "K" : 100.0 , "name" : "default-best" , "score" : "0.45717989785360924" , "smoothing_attributes" : 0.6553423820139802 , "smoothing_categories" : 0.3711612123028407 , "smoothing_names" : 0.9568510074500121 , "smoothing_relatedentitynames" : 0.8069192524570726 , "smoothing_similarentitynames" : 0.25663805406588436 , "weight_attributes" : 53.9771486340718 , "weight_categories" : 7.994548932875977 , "weight_names" : 63.13307710038286 , "weight_relatedentitynames" : 32.61364122533725 , "weight_similarentitynames" : 69.55742023446042 }
