{ "K" : 92.77783392962496 , "name" : "default-best" , "score" : "0.4324421111381945" , "smoothing_attributes" : 0.8711370274943705 , "smoothing_categories" : 0.5659974376707387 , "smoothing_names" : 0.9960855587641603 , "smoothing_relatedentitynames" : 0.0 , "smoothing_similarentitynames" : 0.24278104154938165 , "weight_attributes" : 59.006097535805736 , "weight_categories" : 78.0837783197945 , "weight_names" : 84.3931132493892 , "weight_relatedentitynames" : 15.835551031657767 , "weight_similarentitynames" : 1.4273016276327108 }
