{ "K" : 71.02008131836648 , "name" : "default-best" , "score" : "0.6776552247826408" , "smoothing_attributes" : 0.9416956448479556 , "smoothing_categories" : 0.4514766828930822 , "smoothing_names" : 0.7159366613852659 , "smoothing_relatedentitynames" : 0.2005016289142455 , "smoothing_similarentitynames" : 0.11620297085768949 , "weight_attributes" : 19.29505694544454 , "weight_categories" : 34.68728723924905 , "weight_names" : 78.09537880436622 , "weight_relatedentitynames" : 23.327935448112335 , "weight_similarentitynames" : 35.802786794485144 }
