{ "K" : 89.52071951529825 , "name" : "default-best" , "score" : "0.4450325278876215" , "smoothing_attributes" : 0.586195261993834 , "smoothing_categories" : 0.13771011442863715 , "smoothing_names" : 0.3416341073576037 , "smoothing_relatedentitynames" : 0.1843229377230684 , "smoothing_similarentitynames" : 0.29290023383651964 , "weight_attributes" : 57.676106295270344 , "weight_categories" : 72.38723398230742 , "weight_names" : 62.31771681671777 , "weight_relatedentitynames" : 33.316822730559835 , "weight_similarentitynames" : 66.30519318523359 }
