{ "K" : 86.30531426524406 , "name" : "default-best" , "score" : "0.43613921843314957" , "smoothing_attributes" : 0.565497309935866 , "smoothing_categories" : 0.07122951312594783 , "smoothing_names" : 0.6898649177284368 , "smoothing_relatedentitynames" : 0.5612621270618334 , "smoothing_similarentitynames" : 0.9021802149045828 , "weight_attributes" : 67.46196609276979 , "weight_categories" : 75.10116863588858 , "weight_names" : 4.611779312359369 , "weight_relatedentitynames" : 47.34774666040478 , "weight_similarentitynames" : 12.077595452247348 }
