{ "K" : 50.831030704197 , "name" : "default-best" , "score" : "0.41111793132943986" , "smoothing_attributes" : 0.2713414162318376 , "smoothing_categories" : 0.31308031889752924 , "smoothing_names" : 0.8203743966393662 , "smoothing_relatedentitynames" : 0.8432611804034913 , "smoothing_similarentitynames" : 0.21477784462688754 , "weight_attributes" : 32.68967642331128 , "weight_categories" : 60.07942185172204 , "weight_names" : 36.98843229571313 , "weight_relatedentitynames" : 16.020854838444077 , "weight_similarentitynames" : 70.19813305397253 }
